{
  "mode": "rmu",
  "sim": "ns0.803Ap2.2e-09herei4.05heref2.67alphaq2.21hub0.735omegamh20.141hireionz7.17bhfeedback0.056",
  "snap": "snap_022",
  "z": 2.1999999999999975,
  "n_dla": 11655,
  "b_F_assumed": -0.14089760352385175,
  "b_DLA": 1.7401625465166635,
  "b_DLA_err": 0.42557187509410277,
  "beta_DLA": -0.17034476683516292,
  "beta_DLA_err": 0.17372041532733293,
  "K_0": 1.392114981004397,
  "K_2": 0.740427021965466,
  "chi2": 10163.90421032654,
  "n_fit_bins": 15,
  "in_lit_envelope": true,
  "delta_to_bird14_linear": 0.04016254651666351,
  "ly\u03b1_pixel_subsample": 200000,
  "n_mu_bins": 20
}