{
  "sim": "ns0.803Ap2.2e-09herei4.05heref2.67alphaq2.21hub0.735omegamh20.141hireionz7.17bhfeedback0.056",
  "snap": "snap_022",
  "z": 2.1999999999999975,
  "n_dla": 11655,
  "b_F_assumed": -0.14089760352385175,
  "b_DLA": 1.422469462888888,
  "b_DLA_err": 0.47630197257917567,
  "in_lit_envelope": false,
  "ly\u03b1_pixel_subsample": 40000
}